{"cameraMode":{"drawMode":0,"name":"Shaded","section":"Shading Mode"},"sceneLighting":false,"audioPlay":false,"sceneViewState":{"showFog":true,"showMaterialUpdate":false,"showSkybox":false,"showFlares":true,"showImageEffects":true,"showParticleSystems":true},"in2DMode":false,"pivot":{"x":82.19999694824219,"y":5.395787715911865,"z":-102.5902328491211},"rotation":{"x":0.18055157363414765,"y":0.38246026635169985,"z":-0.07677943259477616,"w":0.9030608534812927},"size":1.2971197366714478,"orthographic":true}