{"cameraMode":{"drawMode":0,"name":"Shaded","section":"Shading Mode"},"sceneLighting":false,"audioPlay":false,"sceneViewState":{"showFog":true,"showMaterialUpdate":false,"showSkybox":false,"showFlares":true,"showImageEffects":true,"showParticleSystems":true},"in2DMode":false,"pivot":{"x":0.18811559677124024,"y":-0.2666610777378082,"z":0.662246823310852},"rotation":{"x":0.057087477296590808,"y":-0.5756977796554565,"z":0.03997278958559036,"w":0.8148717880249023},"size":0.6567537784576416,"orthographic":true}