{"cameraMode":{"drawMode":0,"name":"Shaded","section":"Shading Mode"},"sceneLighting":false,"audioPlay":false,"sceneViewState":{"showFog":true,"showMaterialUpdate":false,"showSkybox":false,"showFlares":true,"showImageEffects":true,"showParticleSystems":true},"in2DMode":false,"pivot":{"x":0.18811559677124024,"y":-0.2666610777378082,"z":0.662246823310852},"rotation":{"x":0.18055157363414765,"y":0.38246026635169985,"z":-0.07677943259477616,"w":0.9030608534812927},"size":0.6567537784576416,"orthographic":true}