{"cameraMode":{"drawMode":0,"name":"Shaded","section":"Shading Mode"},"sceneLighting":false,"audioPlay":false,"sceneViewState":{"showFog":true,"showMaterialUpdate":false,"showSkybox":false,"showFlares":true,"showImageEffects":true,"showParticleSystems":true},"in2DMode":false,"pivot":{"x":-31.1529541015625,"y":15.460638046264649,"z":-10.378813743591309},"rotation":{"x":0.003716571955010295,"y":0.7774808406829834,"z":0.004588352516293526,"w":-0.6289039850234985},"size":22.07056427001953,"orthographic":false}