{"cameraMode":{"drawMode":0,"name":"Shaded","section":"Shading Mode"},"sceneLighting":false,"audioPlay":false,"sceneViewState":{"showFog":true,"showMaterialUpdate":false,"showSkybox":false,"showFlares":true,"showImageEffects":true,"showParticleSystems":true},"in2DMode":false,"pivot":{"x":-9.671455383300782,"y":-0.04300093650817871,"z":-10.219219207763672},"rotation":{"x":-0.007086382247507572,"y":0.9868283867835999,"z":-0.15530306100845338,"w":-0.04507509991526604},"size":3.6000170707702638,"orthographic":false}