{"cameraMode":{"drawMode":0,"name":"Shaded","section":"Shading Mode"},"sceneLighting":false,"audioPlay":false,"sceneViewState":{"showFog":true,"showMaterialUpdate":false,"showSkybox":false,"showFlares":true,"showImageEffects":true,"showParticleSystems":true},"in2DMode":false,"pivot":{"x":0.18811559677124024,"y":-0.2666610777378082,"z":0.662246823310852},"rotation":{"x":0.08431663364171982,"y":-0.7109106183052063,"z":0.08603271842002869,"w":0.6931003928184509},"size":0.42861348390579226,"orthographic":true}