{"cameraMode":{"drawMode":0,"name":"Shaded","section":"Shading Mode"},"sceneLighting":false,"audioPlay":false,"sceneViewState":{"showFog":true,"showMaterialUpdate":false,"showSkybox":false,"showFlares":true,"showImageEffects":true,"showParticleSystems":true},"in2DMode":false,"pivot":{"x":-1.5519933700561524,"y":0.5999999046325684,"z":2.8259987831115724},"rotation":{"x":-0.07626532763242722,"y":0.7296731472015381,"z":-0.0825120285153389,"w":-0.6745256185531616},"size":9.699484825134278,"orthographic":false}