{"cameraMode":{"drawMode":0,"name":"Shaded","section":"Shading Mode"},"sceneLighting":false,"audioPlay":false,"sceneViewState":{"showFog":true,"showMaterialUpdate":false,"showSkybox":false,"showFlares":true,"showImageEffects":true,"showParticleSystems":true},"in2DMode":false,"pivot":{"x":-2.503146171569824,"y":3.0656251907348635,"z":-1.380426287651062},"rotation":{"x":0.09407977759838104,"y":0.4170054495334625,"z":-0.04344099014997482,"w":0.90299391746521},"size":10.167703628540039,"orthographic":false}