{"cameraMode":{"drawMode":0,"name":"Shaded","section":"Shading Mode"},"sceneLighting":true,"audioPlay":false,"sceneViewState":{"showFog":true,"showMaterialUpdate":false,"showSkybox":true,"showFlares":true,"showImageEffects":true,"showParticleSystems":true},"in2DMode":false,"pivot":{"x":82.13429260253906,"y":5.391863822937012,"z":-102.1719970703125},"rotation":{"x":-0.12836405634880067,"y":0.8695482611656189,"z":-0.3001108467578888,"w":-0.371005654335022},"size":73.18515014648438,"orthographic":true}